gbifID,datasetKey,occurrenceID,kingdom,phylum,class,order,family,genus,species,infraspecificEpithet,taxonRank,scientificName,verbatimScientificName,verbatimScientificNameAuthorship,countryCode,locality,stateProvince,occurrenceStatus,individualCount,publishingOrgKey,decimalLatitude,decimalLongitude,coordinateUncertaintyInMeters,coordinatePrecision,elevation,elevationAccuracy,depth,depthAccuracy,eventDate,day,month,year,taxonKey,speciesKey,basisOfRecord,institutionCode,collectionCode,catalogNumber,recordNumber,identifiedBy,dateIdentified,license,rightsHolder,recordedBy,typeStatus,establishmentMeans,lastInterpreted,mediaType,issue
2397568370,50c9509d-22c7-4a22-a47d-8c48425ef4a7,https://www.inaturalist.org/observations/31531134,Animalia,Arthropoda,Insecta,Coleoptera,Dynastidae,Oryctes,Oryctes rhinoceros,,SPECIES,"Oryctes rhinoceros (Linnaeus, 1758)",Oryctes rhinoceros,,JP,,Okinawa,,,28eb1a3f-1c15-4a95-931a-4af90ecb574d,26.857153,128.254529,31,,,,,,2019-08-25T21:44:00Z,25,8,2019,4995642,4995642,HUMAN_OBSERVATION,iNaturalist,Observations,31531134,,,2019-08-26T05:08:14Z,CC_BY_NC_4_0,Takaaki Hattori,Takaaki Hattori,,,2019-11-29T15:09:21.672Z,StillImage,COORDINATE_ROUNDED;GEODETIC_DATUM_ASSUMED_WGS84
1835040051,231c4696-5b2b-4702-b495-2beb86e082e4,da5009ae-ef31-11e6-8391-70e2840fc270,Animalia,Arthropoda,Insecta,Coleoptera,Dynastidae,Oryctes,Oryctes rhinoceros,,SPECIES,"Oryctes rhinoceros (Linnaeus, 1758)",Oryctes rhinoceros,(LINNAEUS),JP,,Okinawa,,,4fd82480-ea1c-11da-8db4-b8a03c50a862,0,0,,,,,,,1987-06-01T00:00:00Z,1,6,1987,4995642,4995642,PRESERVED_SPECIMEN,IPMM,IN,117385,,,,CC_BY_4_0,,,,,2019-11-13T16:42:32.735Z,,ZERO_COORDINATE;GEODETIC_DATUM_ASSUMED_WGS84;COUNTRY_COORDINATE_MISMATCH
1835040039,231c4696-5b2b-4702-b495-2beb86e082e4,da4fdfd8-ef31-11e6-a970-70e2840fc270,Animalia,Arthropoda,Insecta,Coleoptera,Dynastidae,Oryctes,Oryctes rhinoceros,,SPECIES,"Oryctes rhinoceros (Linnaeus, 1758)",Oryctes rhinoceros,(LINNAEUS),JP,,Okinawa,,,4fd82480-ea1c-11da-8db4-b8a03c50a862,0,0,,,,,,,1987-06-01T00:00:00Z,1,6,1987,4995642,4995642,PRESERVED_SPECIMEN,IPMM,IN,117384,,,,CC_BY_4_0,,,,,2019-11-13T16:42:34.249Z,,ZERO_COORDINATE;GEODETIC_DATUM_ASSUMED_WGS84;COUNTRY_COORDINATE_MISMATCH
1835039832,231c4696-5b2b-4702-b495-2beb86e082e4,da5031fe-ef31-11e6-beb3-70e2840fc270,Animalia,Arthropoda,Insecta,Coleoptera,Dynastidae,Oryctes,Oryctes rhinoceros,,SPECIES,"Oryctes rhinoceros (Linnaeus, 1758)",Oryctes rhinoceros,(LINNAEUS),JP,,Okinawa,,,4fd82480-ea1c-11da-8db4-b8a03c50a862,0,0,,,,,,,1987-06-01T00:00:00Z,1,6,1987,4995642,4995642,PRESERVED_SPECIMEN,IPMM,IN,117386,,,,CC_BY_4_0,,,,,2019-11-13T16:42:34.255Z,,ZERO_COORDINATE;GEODETIC_DATUM_ASSUMED_WGS84;COUNTRY_COORDINATE_MISMATCH
1830813119,956c26d2-d114-421f-bf02-e9088a805a74,0242110a-f8bf-11e6-85a2-70e2840fc270,Animalia,Arthropoda,Insecta,Coleoptera,Dynastidae,Oryctes,Oryctes rhinoceros,,SPECIES,"Oryctes rhinoceros (Linnaeus, 1758)","Oryctes rhinoceros (Linnaeus, 1758)","(Linnaeus, 1758)",JP,Shinto,Okinawa,,,4fd82480-ea1c-11da-8db4-b8a03c50a862,,,,,,,,,2011-08-29T00:00:00Z,29,8,2011,4995642,4995642,PRESERVED_SPECIMEN,RUMF,ZI,RUMF-ZI-28672,,,,CC_BY_NC_4_0,,,,,2019-11-13T19:56:51.970Z,,
1830813112,956c26d2-d114-421f-bf02-e9088a805a74,0241e360-f8bf-11e6-bc7d-70e2840fc270,Animalia,Arthropoda,Insecta,Coleoptera,Dynastidae,Oryctes,Oryctes rhinoceros,,SPECIES,"Oryctes rhinoceros (Linnaeus, 1758)","Oryctes rhinoceros (Linnaeus, 1758)","(Linnaeus, 1758)",JP,Shinto,Okinawa,,,4fd82480-ea1c-11da-8db4-b8a03c50a862,,,,,,,,,2011-08-29T00:00:00Z,29,8,2011,4995642,4995642,PRESERVED_SPECIMEN,RUMF,ZI,RUMF-ZI-28671,,,,CC_BY_NC_4_0,,,,,2019-11-13T19:56:53.050Z,,
1830813108,956c26d2-d114-421f-bf02-e9088a805a74,023f2f8a-f8bf-11e6-a07c-70e2840fc270,Animalia,Arthropoda,Insecta,Coleoptera,Dynastidae,Oryctes,Oryctes rhinoceros,,SPECIES,"Oryctes rhinoceros (Linnaeus, 1758)","Oryctes rhinoceros (Linnaeus, 1758)","(Linnaeus, 1758)",JP,Minamidaito-jima Island,Okinawa,,,4fd82480-ea1c-11da-8db4-b8a03c50a862,,,,,,,,,2011-06-01T00:00:00Z,1,6,2011,4995642,4995642,PRESERVED_SPECIMEN,RUMF,ZI,RUMF-ZI-28655,,,,CC_BY_NC_4_0,,,,,2019-11-13T19:56:53.044Z,,
1830813082,956c26d2-d114-421f-bf02-e9088a805a74,02418e9c-f8bf-11e6-9f57-70e2840fc270,Animalia,Arthropoda,Insecta,Coleoptera,Dynastidae,Oryctes,Oryctes rhinoceros,,SPECIES,"Oryctes rhinoceros (Linnaeus, 1758)","Oryctes rhinoceros (Linnaeus, 1758)","(Linnaeus, 1758)",JP,Shinto,Okinawa,,,4fd82480-ea1c-11da-8db4-b8a03c50a862,,,,,,,,,2011-08-29T00:00:00Z,29,8,2011,4995642,4995642,PRESERVED_SPECIMEN,RUMF,ZI,RUMF-ZI-28669,,,,CC_BY_NC_4_0,,,,,2019-11-13T19:56:53.047Z,,
1830813079,956c26d2-d114-421f-bf02-e9088a805a74,023ddc20-f8bf-11e6-8389-70e2840fc270,Animalia,Arthropoda,Insecta,Coleoptera,Dynastidae,Oryctes,Oryctes rhinoceros,,SPECIES,"Oryctes rhinoceros (Linnaeus, 1758)","Oryctes rhinoceros (Linnaeus, 1758)","(Linnaeus, 1758)",JP,Minamidaito-jima Island,Okinawa,,,4fd82480-ea1c-11da-8db4-b8a03c50a862,,,,,,,,,2011-06-01T00:00:00Z,1,6,2011,4995642,4995642,PRESERVED_SPECIMEN,RUMF,ZI,RUMF-ZI-28647,,,,CC_BY_NC_4_0,,,,,2019-11-13T19:56:53.055Z,,
1830813071,956c26d2-d114-421f-bf02-e9088a805a74,023ed684-f8bf-11e6-9a3a-70e2840fc270,Animalia,Arthropoda,Insecta,Coleoptera,Dynastidae,Oryctes,Oryctes rhinoceros,,SPECIES,"Oryctes rhinoceros (Linnaeus, 1758)","Oryctes rhinoceros (Linnaeus, 1758)","(Linnaeus, 1758)",JP,Minamidaito-jima Island,Okinawa,,,4fd82480-ea1c-11da-8db4-b8a03c50a862,,,,,,,,,2011-06-01T00:00:00Z,1,6,2011,4995642,4995642,PRESERVED_SPECIMEN,RUMF,ZI,RUMF-ZI-28653,,,,CC_BY_NC_4_0,,,,,2019-11-13T19:56:51.978Z,,
1830813061,956c26d2-d114-421f-bf02-e9088a805a74,023f885e-f8bf-11e6-b26e-70e2840fc270,Animalia,Arthropoda,Insecta,Coleoptera,Dynastidae,Oryctes,Oryctes rhinoceros,,SPECIES,"Oryctes rhinoceros (Linnaeus, 1758)","Oryctes rhinoceros (Linnaeus, 1758)","(Linnaeus, 1758)",JP,Minamidaito-jima Island,Okinawa,,,4fd82480-ea1c-11da-8db4-b8a03c50a862,,,,,,,,,2011-06-01T00:00:00Z,1,6,2011,4995642,4995642,PRESERVED_SPECIMEN,RUMF,ZI,RUMF-ZI-28657,,,,CC_BY_NC_4_0,,,,,2019-11-13T19:56:51.959Z,,
1830813059,956c26d2-d114-421f-bf02-e9088a805a74,02416548-f8bf-11e6-8213-70e2840fc270,Animalia,Arthropoda,Insecta,Coleoptera,Dynastidae,Oryctes,Oryctes rhinoceros,,SPECIES,"Oryctes rhinoceros (Linnaeus, 1758)","Oryctes rhinoceros (Linnaeus, 1758)","(Linnaeus, 1758)",JP,Shinto,Okinawa,,,4fd82480-ea1c-11da-8db4-b8a03c50a862,,,,,,,,,2011-08-29T00:00:00Z,29,8,2011,4995642,4995642,PRESERVED_SPECIMEN,RUMF,ZI,RUMF-ZI-28668,,,,CC_BY_NC_4_0,,,,,2019-11-13T19:56:53.050Z,,
1830813058,956c26d2-d114-421f-bf02-e9088a805a74,023e8120-f8bf-11e6-9e78-70e2840fc270,Animalia,Arthropoda,Insecta,Coleoptera,Dynastidae,Oryctes,Oryctes rhinoceros,,SPECIES,"Oryctes rhinoceros (Linnaeus, 1758)","Oryctes rhinoceros (Linnaeus, 1758)","(Linnaeus, 1758)",JP,Minamidaito-jima Island,Okinawa,,,4fd82480-ea1c-11da-8db4-b8a03c50a862,,,,,,,,,2011-06-01T00:00:00Z,1,6,2011,4995642,4995642,PRESERVED_SPECIMEN,RUMF,ZI,RUMF-ZI-28651,,,,CC_BY_NC_4_0,,,,,2019-11-13T19:56:52.271Z,,
1830813056,956c26d2-d114-421f-bf02-e9088a805a74,023c81b8-f8bf-11e6-83f5-70e2840fc270,Animalia,Arthropoda,Insecta,Coleoptera,Dynastidae,Oryctes,Oryctes rhinoceros,,SPECIES,"Oryctes rhinoceros (Linnaeus, 1758)","Oryctes rhinoceros (Linnaeus, 1758)","(Linnaeus, 1758)",JP,Kyuto,Okinawa,,,4fd82480-ea1c-11da-8db4-b8a03c50a862,,,,,,,,,2011-05-21T00:00:00Z,21,5,2011,4995642,4995642,PRESERVED_SPECIMEN,RUMF,ZI,RUMF-ZI-28639,,,,CC_BY_NC_4_0,,,,,2019-11-13T19:56:51.970Z,,
1830813055,956c26d2-d114-421f-bf02-e9088a805a74,023db1c8-f8bf-11e6-aef9-70e2840fc270,Animalia,Arthropoda,Insecta,Coleoptera,Dynastidae,Oryctes,Oryctes rhinoceros,,SPECIES,"Oryctes rhinoceros (Linnaeus, 1758)","Oryctes rhinoceros (Linnaeus, 1758)","(Linnaeus, 1758)",JP,Minamidaito-jima Island,Okinawa,,,4fd82480-ea1c-11da-8db4-b8a03c50a862,,,,,,,,,2011-06-01T00:00:00Z,1,6,2011,4995642,4995642,PRESERVED_SPECIMEN,RUMF,ZI,RUMF-ZI-28646,,,,CC_BY_NC_4_0,,,,,2019-11-13T19:56:53.047Z,,
1830813050,956c26d2-d114-421f-bf02-e9088a805a74,02400748-f8bf-11e6-8dc6-70e2840fc270,Animalia,Arthropoda,Insecta,Coleoptera,Dynastidae,Oryctes,Oryctes rhinoceros,,SPECIES,"Oryctes rhinoceros (Linnaeus, 1758)","Oryctes rhinoceros (Linnaeus, 1758)","(Linnaeus, 1758)",JP,Minamidaito-jima Island,Okinawa,,,4fd82480-ea1c-11da-8db4-b8a03c50a862,,,,,,,,,2011-07-01T00:00:00Z,1,7,2011,4995642,4995642,PRESERVED_SPECIMEN,RUMF,ZI,RUMF-ZI-28660,,,,CC_BY_NC_4_0,,,,,2019-11-13T19:56:52.450Z,,
1830813049,956c26d2-d114-421f-bf02-e9088a805a74,0241103e-f8bf-11e6-a0d6-70e2840fc270,Animalia,Arthropoda,Insecta,Coleoptera,Dynastidae,Oryctes,Oryctes rhinoceros,,SPECIES,"Oryctes rhinoceros (Linnaeus, 1758)","Oryctes rhinoceros (Linnaeus, 1758)","(Linnaeus, 1758)",JP,Minamidaito-jima Island,Okinawa,,,4fd82480-ea1c-11da-8db4-b8a03c50a862,,,,,,,,,2011-07-01T00:00:00Z,1,7,2011,4995642,4995642,PRESERVED_SPECIMEN,RUMF,ZI,RUMF-ZI-28666,,,,CC_BY_NC_4_0,,,,,2019-11-13T19:56:52.271Z,,
1830813042,956c26d2-d114-421f-bf02-e9088a805a74,023d5872-f8bf-11e6-b4e6-70e2840fc270,Animalia,Arthropoda,Insecta,Coleoptera,Dynastidae,Oryctes,Oryctes rhinoceros,,SPECIES,"Oryctes rhinoceros (Linnaeus, 1758)","Oryctes rhinoceros (Linnaeus, 1758)","(Linnaeus, 1758)",JP,Minamidaito-jima Island,Okinawa,,,4fd82480-ea1c-11da-8db4-b8a03c50a862,,,,,,,,,2011-06-01T00:00:00Z,1,6,2011,4995642,4995642,PRESERVED_SPECIMEN,RUMF,ZI,RUMF-ZI-28644,,,,CC_BY_NC_4_0,,,,,2019-11-13T19:56:53.054Z,,
1830813040,956c26d2-d114-421f-bf02-e9088a805a74,023f01f4-f8bf-11e6-9b3d-70e2840fc270,Animalia,Arthropoda,Insecta,Coleoptera,Dynastidae,Oryctes,Oryctes rhinoceros,,SPECIES,"Oryctes rhinoceros (Linnaeus, 1758)","Oryctes rhinoceros (Linnaeus, 1758)","(Linnaeus, 1758)",JP,Minamidaito-jima Island,Okinawa,,,4fd82480-ea1c-11da-8db4-b8a03c50a862,,,,,,,,,2011-06-01T00:00:00Z,1,6,2011,4995642,4995642,PRESERVED_SPECIMEN,RUMF,ZI,RUMF-ZI-28654,,,,CC_BY_NC_4_0,,,,,2019-11-13T19:56:53.050Z,,
1830813030,956c26d2-d114-421f-bf02-e9088a805a74,02413aa0-f8bf-11e6-8472-70e2840fc270,Animalia,Arthropoda,Insecta,Coleoptera,Dynastidae,Oryctes,Oryctes rhinoceros,,SPECIES,"Oryctes rhinoceros (Linnaeus, 1758)","Oryctes rhinoceros (Linnaeus, 1758)","(Linnaeus, 1758)",JP,Hoshino-do,Okinawa,,,4fd82480-ea1c-11da-8db4-b8a03c50a862,,,,,,,,,2011-05-28T00:00:00Z,28,5,2011,4995642,4995642,PRESERVED_SPECIMEN,RUMF,ZI,RUMF-ZI-28667,,,,CC_BY_NC_4_0,,,,,2019-11-13T19:56:52.271Z,,
1830813022,956c26d2-d114-421f-bf02-e9088a805a74,023e5830-f8bf-11e6-bf1e-70e2840fc270,Animalia,Arthropoda,Insecta,Coleoptera,Dynastidae,Oryctes,Oryctes rhinoceros,,SPECIES,"Oryctes rhinoceros (Linnaeus, 1758)","Oryctes rhinoceros (Linnaeus, 1758)","(Linnaeus, 1758)",JP,Minamidaito-jima Island,Okinawa,,,4fd82480-ea1c-11da-8db4-b8a03c50a862,,,,,,,,,2011-06-01T00:00:00Z,1,6,2011,4995642,4995642,PRESERVED_SPECIMEN,RUMF,ZI,RUMF-ZI-28650,,,,CC_BY_NC_4_0,,,,,2019-11-13T19:56:53.050Z,,
1830813016,956c26d2-d114-421f-bf02-e9088a805a74,0240b72e-f8bf-11e6-9369-70e2840fc270,Animalia,Arthropoda,Insecta,Coleoptera,Dynastidae,Oryctes,Oryctes rhinoceros,,SPECIES,"Oryctes rhinoceros (Linnaeus, 1758)","Oryctes rhinoceros (Linnaeus, 1758)","(Linnaeus, 1758)",JP,Minamidaito-jima Island,Okinawa,,,4fd82480-ea1c-11da-8db4-b8a03c50a862,,,,,,,,,2011-07-01T00:00:00Z,1,7,2011,4995642,4995642,PRESERVED_SPECIMEN,RUMF,ZI,RUMF-ZI-28664,,,,CC_BY_NC_4_0,,,,,2019-11-13T19:56:51.958Z,,
1830813012,956c26d2-d114-421f-bf02-e9088a805a74,023e0524-f8bf-11e6-9e9c-70e2840fc270,Animalia,Arthropoda,Insecta,Coleoptera,Dynastidae,Oryctes,Oryctes rhinoceros,,SPECIES,"Oryctes rhinoceros (Linnaeus, 1758)","Oryctes rhinoceros (Linnaeus, 1758)","(Linnaeus, 1758)",JP,Minamidaito-jima Island,Okinawa,,,4fd82480-ea1c-11da-8db4-b8a03c50a862,,,,,,,,,2011-06-01T00:00:00Z,1,6,2011,4995642,4995642,PRESERVED_SPECIMEN,RUMF,ZI,RUMF-ZI-28648,,,,CC_BY_NC_4_0,,,,,2019-11-13T19:56:52.271Z,,
1830812996,956c26d2-d114-421f-bf02-e9088a805a74,0241b85e-f8bf-11e6-b907-70e2840fc270,Animalia,Arthropoda,Insecta,Coleoptera,Dynastidae,Oryctes,Oryctes rhinoceros,,SPECIES,"Oryctes rhinoceros (Linnaeus, 1758)","Oryctes rhinoceros (Linnaeus, 1758)","(Linnaeus, 1758)",JP,Shinto,Okinawa,,,4fd82480-ea1c-11da-8db4-b8a03c50a862,,,,,,,,,2011-08-29T00:00:00Z,29,8,2011,4995642,4995642,PRESERVED_SPECIMEN,RUMF,ZI,RUMF-ZI-28670,,,,CC_BY_NC_4_0,,,,,2019-11-13T19:56:52.270Z,,
1830812993,956c26d2-d114-421f-bf02-e9088a805a74,023eaaa6-f8bf-11e6-9aa8-70e2840fc270,Animalia,Arthropoda,Insecta,Coleoptera,Dynastidae,Oryctes,Oryctes rhinoceros,,SPECIES,"Oryctes rhinoceros (Linnaeus, 1758)","Oryctes rhinoceros (Linnaeus, 1758)","(Linnaeus, 1758)",JP,Minamidaito-jima Island,Okinawa,,,4fd82480-ea1c-11da-8db4-b8a03c50a862,,,,,,,,,2011-06-01T00:00:00Z,1,6,2011,4995642,4995642,PRESERVED_SPECIMEN,RUMF,ZI,RUMF-ZI-28652,,,,CC_BY_NC_4_0,,,,,2019-11-13T19:56:53.047Z,,
1830812984,956c26d2-d114-421f-bf02-e9088a805a74,023e2e46-f8bf-11e6-b772-70e2840fc270,Animalia,Arthropoda,Insecta,Coleoptera,Dynastidae,Oryctes,Oryctes rhinoceros,,SPECIES,"Oryctes rhinoceros (Linnaeus, 1758)","Oryctes rhinoceros (Linnaeus, 1758)","(Linnaeus, 1758)",JP,Minamidaito-jima Island,Okinawa,,,4fd82480-ea1c-11da-8db4-b8a03c50a862,,,,,,,,,2011-06-01T00:00:00Z,1,6,2011,4995642,4995642,PRESERVED_SPECIMEN,RUMF,ZI,RUMF-ZI-28649,,,,CC_BY_NC_4_0,,,,,2019-11-13T19:56:53.047Z,,
1830812982,956c26d2-d114-421f-bf02-e9088a805a74,023c571a-f8bf-11e6-8625-70e2840fc270,Animalia,Arthropoda,Insecta,Coleoptera,Dynastidae,Oryctes,Oryctes rhinoceros,,SPECIES,"Oryctes rhinoceros (Linnaeus, 1758)","Oryctes rhinoceros (Linnaeus, 1758)","(Linnaeus, 1758)",JP,Kyuto,Okinawa,,,4fd82480-ea1c-11da-8db4-b8a03c50a862,,,,,,,,,2011-05-21T00:00:00Z,21,5,2011,4995642,4995642,PRESERVED_SPECIMEN,RUMF,ZI,RUMF-ZI-28638,,,,CC_BY_NC_4_0,,,,,2019-11-13T19:56:51.977Z,,
1830812977,956c26d2-d114-421f-bf02-e9088a805a74,02405a18-f8bf-11e6-9d6e-70e2840fc270,Animalia,Arthropoda,Insecta,Coleoptera,Dynastidae,Oryctes,Oryctes rhinoceros,,SPECIES,"Oryctes rhinoceros (Linnaeus, 1758)","Oryctes rhinoceros (Linnaeus, 1758)","(Linnaeus, 1758)",JP,Minamidaito-jima Island,Okinawa,,,4fd82480-ea1c-11da-8db4-b8a03c50a862,,,,,,,,,2011-07-01T00:00:00Z,1,7,2011,4995642,4995642,PRESERVED_SPECIMEN,RUMF,ZI,RUMF-ZI-28662,,,,CC_BY_NC_4_0,,,,,2019-11-13T19:56:52.263Z,,
1830812974,956c26d2-d114-421f-bf02-e9088a805a74,023d85cc-f8bf-11e6-a8e8-70e2840fc270,Animalia,Arthropoda,Insecta,Coleoptera,Dynastidae,Oryctes,Oryctes rhinoceros,,SPECIES,"Oryctes rhinoceros (Linnaeus, 1758)","Oryctes rhinoceros (Linnaeus, 1758)","(Linnaeus, 1758)",JP,Minamidaito-jima Island,Okinawa,,,4fd82480-ea1c-11da-8db4-b8a03c50a862,,,,,,,,,2011-06-01T00:00:00Z,1,6,2011,4995642,4995642,PRESERVED_SPECIMEN,RUMF,ZI,RUMF-ZI-28645,,,,CC_BY_NC_4_0,,,,,2019-11-13T19:56:53.043Z,,
1830812969,956c26d2-d114-421f-bf02-e9088a805a74,02423dec-f8bf-11e6-91bf-70e2840fc270,Animalia,Arthropoda,Insecta,Coleoptera,Dynastidae,Oryctes,Oryctes rhinoceros,,SPECIES,"Oryctes rhinoceros (Linnaeus, 1758)","Oryctes rhinoceros (Linnaeus, 1758)","(Linnaeus, 1758)",JP,Shinto,Okinawa,,,4fd82480-ea1c-11da-8db4-b8a03c50a862,,,,,,,,,2011-08-29T00:00:00Z,29,8,2011,4995642,4995642,PRESERVED_SPECIMEN,RUMF,ZI,RUMF-ZI-28673,,,,CC_BY_NC_4_0,,,,,2019-11-13T19:56:52.270Z,,
1830812967,956c26d2-d114-421f-bf02-e9088a805a74,023d2a0a-f8bf-11e6-8971-70e2840fc270,Animalia,Arthropoda,Insecta,Coleoptera,Dynastidae,Oryctes,Oryctes rhinoceros,,SPECIES,"Oryctes rhinoceros (Linnaeus, 1758)","Oryctes rhinoceros (Linnaeus, 1758)","(Linnaeus, 1758)",JP,Minamidaito-jima Island,Okinawa,,,4fd82480-ea1c-11da-8db4-b8a03c50a862,,,,,,,,,2011-06-01T00:00:00Z,1,6,2011,4995642,4995642,PRESERVED_SPECIMEN,RUMF,ZI,RUMF-ZI-28643,,,,CC_BY_NC_4_0,,,,,2019-11-13T19:56:51.969Z,,
1830812953,956c26d2-d114-421f-bf02-e9088a805a74,023caa08-f8bf-11e6-b590-70e2840fc270,Animalia,Arthropoda,Insecta,Coleoptera,Dynastidae,Oryctes,Oryctes rhinoceros,,SPECIES,"Oryctes rhinoceros (Linnaeus, 1758)","Oryctes rhinoceros (Linnaeus, 1758)","(Linnaeus, 1758)",JP,Minamidaito-jima Island,Okinawa,,,4fd82480-ea1c-11da-8db4-b8a03c50a862,,,,,,,,,2011-06-01T00:00:00Z,1,6,2011,4995642,4995642,PRESERVED_SPECIMEN,RUMF,ZI,RUMF-ZI-28640,,,,CC_BY_NC_4_0,,,,,2019-11-13T19:56:53.054Z,,
1830812939,956c26d2-d114-421f-bf02-e9088a805a74,023cfdb4-f8bf-11e6-abad-70e2840fc270,Animalia,Arthropoda,Insecta,Coleoptera,Dynastidae,Oryctes,Oryctes rhinoceros,,SPECIES,"Oryctes rhinoceros (Linnaeus, 1758)","Oryctes rhinoceros (Linnaeus, 1758)","(Linnaeus, 1758)",JP,Minamidaito-jima Island,Okinawa,,,4fd82480-ea1c-11da-8db4-b8a03c50a862,,,,,,,,,2011-06-01T00:00:00Z,1,6,2011,4995642,4995642,PRESERVED_SPECIMEN,RUMF,ZI,RUMF-ZI-28642,,,,CC_BY_NC_4_0,,,,,2019-11-13T19:56:53.046Z,,
1830812935,956c26d2-d114-421f-bf02-e9088a805a74,023cd44c-f8bf-11e6-b0ef-70e2840fc270,Animalia,Arthropoda,Insecta,Coleoptera,Dynastidae,Oryctes,Oryctes rhinoceros,,SPECIES,"Oryctes rhinoceros (Linnaeus, 1758)","Oryctes rhinoceros (Linnaeus, 1758)","(Linnaeus, 1758)",JP,Minamidaito-jima Island,Okinawa,,,4fd82480-ea1c-11da-8db4-b8a03c50a862,,,,,,,,,2011-06-01T00:00:00Z,1,6,2011,4995642,4995642,PRESERVED_SPECIMEN,RUMF,ZI,RUMF-ZI-28641,,,,CC_BY_NC_4_0,,,,,2019-11-13T19:56:53.054Z,,
1830812925,956c26d2-d114-421f-bf02-e9088a805a74,0240e4a6-f8bf-11e6-8dd3-70e2840fc270,Animalia,Arthropoda,Insecta,Coleoptera,Dynastidae,Oryctes,Oryctes rhinoceros,,SPECIES,"Oryctes rhinoceros (Linnaeus, 1758)","Oryctes rhinoceros (Linnaeus, 1758)","(Linnaeus, 1758)",JP,Minamidaito-jima Island,Okinawa,,,4fd82480-ea1c-11da-8db4-b8a03c50a862,,,,,,,,,2011-07-01T00:00:00Z,1,7,2011,4995642,4995642,PRESERVED_SPECIMEN,RUMF,ZI,RUMF-ZI-28665,,,,CC_BY_NC_4_0,,,,,2019-11-13T19:56:52.450Z,,
1830812912,956c26d2-d114-421f-bf02-e9088a805a74,0242683a-f8bf-11e6-ae1c-70e2840fc270,Animalia,Arthropoda,Insecta,Coleoptera,Dynastidae,Oryctes,Oryctes rhinoceros,,SPECIES,"Oryctes rhinoceros (Linnaeus, 1758)","Oryctes rhinoceros (Linnaeus, 1758)","(Linnaeus, 1758)",JP,Shinto,Okinawa,,,4fd82480-ea1c-11da-8db4-b8a03c50a862,,,,,,,,,2011-08-29T00:00:00Z,29,8,2011,4995642,4995642,PRESERVED_SPECIMEN,RUMF,ZI,RUMF-ZI-28674,,,,CC_BY_NC_4_0,,,,,2019-11-13T19:56:51.969Z,,
1830812900,956c26d2-d114-421f-bf02-e9088a805a74,023c2cea-f8bf-11e6-a242-70e2840fc270,Animalia,Arthropoda,Insecta,Coleoptera,Dynastidae,Oryctes,Oryctes rhinoceros,,SPECIES,"Oryctes rhinoceros (Linnaeus, 1758)","Oryctes rhinoceros (Linnaeus, 1758)","(Linnaeus, 1758)",JP,"Air Port, Kitadaito-jima Island",Okinawa,,,4fd82480-ea1c-11da-8db4-b8a03c50a862,,,,,,,,,2012-02-24T00:00:00Z,24,2,2012,4995642,4995642,PRESERVED_SPECIMEN,RUMF,ZI,RUMF-ZI-28637,,,,CC_BY_NC_4_0,,,,,2019-11-13T19:56:51.977Z,,
1830812896,956c26d2-d114-421f-bf02-e9088a805a74,023f5b18-f8bf-11e6-9572-70e2840fc270,Animalia,Arthropoda,Insecta,Coleoptera,Dynastidae,Oryctes,Oryctes rhinoceros,,SPECIES,"Oryctes rhinoceros (Linnaeus, 1758)","Oryctes rhinoceros (Linnaeus, 1758)","(Linnaeus, 1758)",JP,Minamidaito-jima Island,Okinawa,,,4fd82480-ea1c-11da-8db4-b8a03c50a862,,,,,,,,,2011-06-01T00:00:00Z,1,6,2011,4995642,4995642,PRESERVED_SPECIMEN,RUMF,ZI,RUMF-ZI-28656,,,,CC_BY_NC_4_0,,,,,2019-11-13T19:56:52.262Z,,
1830812887,956c26d2-d114-421f-bf02-e9088a805a74,0240893e-f8bf-11e6-a386-70e2840fc270,Animalia,Arthropoda,Insecta,Coleoptera,Dynastidae,Oryctes,Oryctes rhinoceros,,SPECIES,"Oryctes rhinoceros (Linnaeus, 1758)","Oryctes rhinoceros (Linnaeus, 1758)","(Linnaeus, 1758)",JP,Minamidaito-jima Island,Okinawa,,,4fd82480-ea1c-11da-8db4-b8a03c50a862,,,,,,,,,2011-07-01T00:00:00Z,1,7,2011,4995642,4995642,PRESERVED_SPECIMEN,RUMF,ZI,RUMF-ZI-28663,,,,CC_BY_NC_4_0,,,,,2019-11-13T19:56:52.262Z,,
1830812866,956c26d2-d114-421f-bf02-e9088a805a74,023fb540-f8bf-11e6-8073-70e2840fc270,Animalia,Arthropoda,Insecta,Coleoptera,Dynastidae,Oryctes,Oryctes rhinoceros,,SPECIES,"Oryctes rhinoceros (Linnaeus, 1758)","Oryctes rhinoceros (Linnaeus, 1758)","(Linnaeus, 1758)",JP,Minamidaito-jima Island,Okinawa,,,4fd82480-ea1c-11da-8db4-b8a03c50a862,,,,,,,,,2011-06-01T00:00:00Z,1,6,2011,4995642,4995642,PRESERVED_SPECIMEN,RUMF,ZI,RUMF-ZI-28658,,,,CC_BY_NC_4_0,,,,,2019-11-13T19:56:53.042Z,,
1830812865,956c26d2-d114-421f-bf02-e9088a805a74,023fde9e-f8bf-11e6-8a62-70e2840fc270,Animalia,Arthropoda,Insecta,Coleoptera,Dynastidae,Oryctes,Oryctes rhinoceros,,SPECIES,"Oryctes rhinoceros (Linnaeus, 1758)","Oryctes rhinoceros (Linnaeus, 1758)","(Linnaeus, 1758)",JP,Minamidaito-jima Island,Okinawa,,,4fd82480-ea1c-11da-8db4-b8a03c50a862,,,,,,,,,2011-07-01T00:00:00Z,1,7,2011,4995642,4995642,PRESERVED_SPECIMEN,RUMF,ZI,RUMF-ZI-28659,,,,CC_BY_NC_4_0,,,,,2019-11-13T19:56:51.976Z,,
1830812813,956c26d2-d114-421f-bf02-e9088a805a74,0240313c-f8bf-11e6-a80d-70e2840fc270,Animalia,Arthropoda,Insecta,Coleoptera,Dynastidae,Oryctes,Oryctes rhinoceros,,SPECIES,"Oryctes rhinoceros (Linnaeus, 1758)","Oryctes rhinoceros (Linnaeus, 1758)","(Linnaeus, 1758)",JP,Minamidaito-jima Island,Okinawa,,,4fd82480-ea1c-11da-8db4-b8a03c50a862,,,,,,,,,2011-07-01T00:00:00Z,1,7,2011,4995642,4995642,PRESERVED_SPECIMEN,RUMF,ZI,RUMF-ZI-28661,,,,CC_BY_NC_4_0,,,,,2019-11-13T19:56:51.968Z,,
1830805360,956c26d2-d114-421f-bf02-e9088a805a74,fd6698cc-f8be-11e6-957c-70e2840fc270,Animalia,Arthropoda,Insecta,Coleoptera,Dynastidae,Oryctes,Oryctes rhinoceros,,SPECIES,"Oryctes rhinoceros (Linnaeus, 1758)",Oryctes rhinoceros,"(Linnaeus, 1758)",JP,Shimashi,Okinawa,,,4fd82480-ea1c-11da-8db4-b8a03c50a862,,,,,,,,,2008-09-21T00:00:00Z,21,9,2008,4995642,4995642,PRESERVED_SPECIMEN,RUMF,ZI,RUMF-ZI-17044,,,,CC_BY_NC_4_0,,,,,2019-11-13T19:56:53.009Z,,
1830805042,956c26d2-d114-421f-bf02-e9088a805a74,fd052a38-f8be-11e6-9748-70e2840fc270,Animalia,Arthropoda,Insecta,Coleoptera,Dynastidae,Oryctes,Oryctes rhinoceros,,SPECIES,"Oryctes rhinoceros (Linnaeus, 1758)",Oryctes rhinoceros,"(Linnaeus, 1758)",JP,University of the Ryukyus,Okinawa,,,4fd82480-ea1c-11da-8db4-b8a03c50a862,,,,,,,,,2000-04-14T00:00:00Z,14,4,2000,4995642,4995642,PRESERVED_SPECIMEN,RUMF,ZI,RUMF-ZI-16439,,,,CC_BY_NC_4_0,,,,,2019-11-13T19:56:51.910Z,,
1830805019,956c26d2-d114-421f-bf02-e9088a805a74,fd05ab20-f8be-11e6-b68c-70e2840fc270,Animalia,Arthropoda,Insecta,Coleoptera,Dynastidae,Oryctes,Oryctes rhinoceros,,SPECIES,"Oryctes rhinoceros (Linnaeus, 1758)",Oryctes rhinoceros,"(Linnaeus, 1758)",JP,Chinen,Okinawa,,,4fd82480-ea1c-11da-8db4-b8a03c50a862,,,,,,,,,2004-09-07T00:00:00Z,7,9,2004,4995642,4995642,PRESERVED_SPECIMEN,RUMF,ZI,RUMF-ZI-16442,,,,CC_BY_NC_4_0,,,,,2019-11-13T19:56:51.919Z,,
1830805010,956c26d2-d114-421f-bf02-e9088a805a74,fd03a618-f8be-11e6-9164-70e2840fc270,Animalia,Arthropoda,Insecta,Coleoptera,Dynastidae,Oryctes,Oryctes rhinoceros,,SPECIES,"Oryctes rhinoceros (Linnaeus, 1758)",Oryctes rhinoceros,"(Linnaeus, 1758)",JP,Hikawa,Okinawa,,,4fd82480-ea1c-11da-8db4-b8a03c50a862,,,,,,,,,1972-03-26T00:00:00Z,26,3,1972,4995642,4995642,PRESERVED_SPECIMEN,RUMF,ZI,RUMF-ZI-16430,,,,CC_BY_NC_4_0,,,,,2019-11-13T19:56:52.230Z,,
1830805005,956c26d2-d114-421f-bf02-e9088a805a74,fd044f00-f8be-11e6-b52f-70e2840fc270,Animalia,Arthropoda,Insecta,Coleoptera,Dynastidae,Oryctes,Oryctes rhinoceros,,SPECIES,"Oryctes rhinoceros (Linnaeus, 1758)",Oryctes rhinoceros,"(Linnaeus, 1758)",JP,,Okinawa,,,4fd82480-ea1c-11da-8db4-b8a03c50a862,,,,,,,,,1954-07-27T00:00:00Z,27,7,1954,4995642,4995642,PRESERVED_SPECIMEN,RUMF,ZI,RUMF-ZI-16434,,,,CC_BY_NC_4_0,,,,,2019-11-13T19:56:53.013Z,,
1830804854,956c26d2-d114-421f-bf02-e9088a805a74,fd0478f4-f8be-11e6-a74b-70e2840fc270,Animalia,Arthropoda,Insecta,Coleoptera,Dynastidae,Oryctes,Oryctes rhinoceros,,SPECIES,"Oryctes rhinoceros (Linnaeus, 1758)",Oryctes rhinoceros,"(Linnaeus, 1758)",JP,Shuri,Okinawa,,,4fd82480-ea1c-11da-8db4-b8a03c50a862,,,,,,,,,1977-09-27T00:00:00Z,27,9,1977,4995642,4995642,PRESERVED_SPECIMEN,RUMF,ZI,RUMF-ZI-16435,,,,CC_BY_NC_4_0,,,,,2019-11-13T19:56:51.909Z,,
1830804850,956c26d2-d114-421f-bf02-e9088a805a74,fd03fdc0-f8be-11e6-ad87-70e2840fc270,Animalia,Arthropoda,Insecta,Coleoptera,Dynastidae,Oryctes,Oryctes rhinoceros,,SPECIES,"Oryctes rhinoceros (Linnaeus, 1758)",Oryctes rhinoceros,"(Linnaeus, 1758)",JP,Sonai,Okinawa,,,4fd82480-ea1c-11da-8db4-b8a03c50a862,,,,,,,,,1977-11-05T00:00:00Z,5,11,1977,4995642,4995642,PRESERVED_SPECIMEN,RUMF,ZI,RUMF-ZI-16432,,,,CC_BY_NC_4_0,,,,,2019-11-13T19:56:52.238Z,,
1830804849,956c26d2-d114-421f-bf02-e9088a805a74,fd0426d8-f8be-11e6-aeba-70e2840fc270,Animalia,Arthropoda,Insecta,Coleoptera,Dynastidae,Oryctes,Oryctes rhinoceros,,SPECIES,"Oryctes rhinoceros (Linnaeus, 1758)",Oryctes rhinoceros,"(Linnaeus, 1758)",JP,Sonai,Okinawa,,,4fd82480-ea1c-11da-8db4-b8a03c50a862,,,,,,,,,1977-11-06T00:00:00Z,6,11,1977,4995642,4995642,PRESERVED_SPECIMEN,RUMF,ZI,RUMF-ZI-16433,,,,CC_BY_NC_4_0,,,,,2019-11-13T19:56:51.918Z,,
1830804802,956c26d2-d114-421f-bf02-e9088a805a74,fd058168-f8be-11e6-ae5b-70e2840fc270,Animalia,Arthropoda,Insecta,Coleoptera,Dynastidae,Oryctes,Oryctes rhinoceros,,SPECIES,"Oryctes rhinoceros (Linnaeus, 1758)",Oryctes rhinoceros,"(Linnaeus, 1758)",JP,,Okinawa,,,4fd82480-ea1c-11da-8db4-b8a03c50a862,,,,,,,,,2000-11-10T00:00:00Z,10,11,2000,4995642,4995642,PRESERVED_SPECIMEN,RUMF,ZI,RUMF-ZI-16441,,,,CC_BY_NC_4_0,,,,,2019-11-13T19:56:53.006Z,,
1830804785,956c26d2-d114-421f-bf02-e9088a805a74,fd04fc98-f8be-11e6-b05e-70e2840fc270,Animalia,Arthropoda,Insecta,Coleoptera,Dynastidae,Oryctes,Oryctes rhinoceros,,SPECIES,"Oryctes rhinoceros (Linnaeus, 1758)",Oryctes rhinoceros,"(Linnaeus, 1758)",JP,University of the Ryukyus,Okinawa,,,4fd82480-ea1c-11da-8db4-b8a03c50a862,,,,,,,,,2000-04-13T00:00:00Z,13,4,2000,4995642,4995642,PRESERVED_SPECIMEN,RUMF,ZI,RUMF-ZI-16438,,,,CC_BY_NC_4_0,,,,,2019-11-13T19:56:53.006Z,,
1830804687,956c26d2-d114-421f-bf02-e9088a805a74,fd055684-f8be-11e6-a851-70e2840fc270,Animalia,Arthropoda,Insecta,Coleoptera,Dynastidae,Oryctes,Oryctes rhinoceros,,SPECIES,"Oryctes rhinoceros (Linnaeus, 1758)",Oryctes rhinoceros,"(Linnaeus, 1758)",JP,,Okinawa,,,4fd82480-ea1c-11da-8db4-b8a03c50a862,,,,,,,,,2000-11-10T00:00:00Z,10,11,2000,4995642,4995642,PRESERVED_SPECIMEN,RUMF,ZI,RUMF-ZI-16440,,,,CC_BY_NC_4_0,,,,,2019-11-13T19:56:51.917Z,,
1830804641,956c26d2-d114-421f-bf02-e9088a805a74,fd04cf16-f8be-11e6-a731-70e2840fc270,Animalia,Arthropoda,Insecta,Coleoptera,Dynastidae,Oryctes,Oryctes rhinoceros,,SPECIES,"Oryctes rhinoceros (Linnaeus, 1758)",Oryctes rhinoceros,"(Linnaeus, 1758)",JP,,Okinawa,,,4fd82480-ea1c-11da-8db4-b8a03c50a862,,,,,,,,,2000-04-05T00:00:00Z,5,4,2000,4995642,4995642,PRESERVED_SPECIMEN,RUMF,ZI,RUMF-ZI-16437,,,,CC_BY_NC_4_0,,,,,2019-11-13T19:56:51.917Z,,
1830804623,956c26d2-d114-421f-bf02-e9088a805a74,fd04a220-f8be-11e6-b064-70e2840fc270,Animalia,Arthropoda,Insecta,Coleoptera,Dynastidae,Oryctes,Oryctes rhinoceros,,SPECIES,"Oryctes rhinoceros (Linnaeus, 1758)",Oryctes rhinoceros,"(Linnaeus, 1758)",JP,Oyakebaru,Okinawa,,,4fd82480-ea1c-11da-8db4-b8a03c50a862,,,,,,,,,1979-08-04T00:00:00Z,4,8,1979,4995642,4995642,PRESERVED_SPECIMEN,RUMF,ZI,RUMF-ZI-16436,,,,CC_BY_NC_4_0,,,,,2019-11-13T19:56:51.917Z,,
1830804622,956c26d2-d114-421f-bf02-e9088a805a74,fd03d2b4-f8be-11e6-a063-70e2840fc270,Animalia,Arthropoda,Insecta,Coleoptera,Dynastidae,Oryctes,Oryctes rhinoceros,,SPECIES,"Oryctes rhinoceros (Linnaeus, 1758)",Oryctes rhinoceros,"(Linnaeus, 1758)",JP,Mabuni,Okinawa,,,4fd82480-ea1c-11da-8db4-b8a03c50a862,,,,,,,,,1976-01-16T00:00:00Z,16,1,1976,4995642,4995642,PRESERVED_SPECIMEN,RUMF,ZI,RUMF-ZI-16431,,,,CC_BY_NC_4_0,,,,,2019-11-13T19:56:53.005Z,,
1830804468,956c26d2-d114-421f-bf02-e9088a805a74,fcd1d264-f8be-11e6-88e3-70e2840fc270,Animalia,Arthropoda,Insecta,Coleoptera,Dynastidae,Oryctes,Oryctes rhinoceros,,SPECIES,"Oryctes rhinoceros (Linnaeus, 1758)",Oryctes rhinoceros,"(Linnaeus, 1758)",JP,,Okinawa,,,4fd82480-ea1c-11da-8db4-b8a03c50a862,,,,,,,,,2000-11-10T00:00:00Z,10,11,2000,4995642,4995642,PRESERVED_SPECIMEN,RUMF,ZI,RUMF-ZI-16120,,,,CC_BY_NC_4_0,,,,,2019-11-13T19:56:51.916Z,,
1830800997,956c26d2-d114-421f-bf02-e9088a805a74,fa7ac750-f8be-11e6-8d0c-70e2840fc270,Animalia,Arthropoda,Insecta,Coleoptera,Dynastidae,Oryctes,Oryctes rhinoceros,,SPECIES,"Oryctes rhinoceros (Linnaeus, 1758)",Oryctes rhinoceros,"(Linnaeus, 1758)",JP,Kudeken,Okinawa,,,4fd82480-ea1c-11da-8db4-b8a03c50a862,,,,,,,,,1983-06-16T00:00:00Z,16,6,1983,4995642,4995642,PRESERVED_SPECIMEN,RUMF,ZI,RUMF-ZI-10907,,,,CC_BY_NC_4_0,,,,,2019-11-13T19:56:51.894Z,,
1830800907,956c26d2-d114-421f-bf02-e9088a805a74,fa7b628c-f8be-11e6-83ec-70e2840fc270,Animalia,Arthropoda,Insecta,Coleoptera,Dynastidae,Oryctes,Oryctes rhinoceros,,SPECIES,"Oryctes rhinoceros (Linnaeus, 1758)",Oryctes rhinoceros,"(Linnaeus, 1758)",JP,Kudeken,Okinawa,,,4fd82480-ea1c-11da-8db4-b8a03c50a862,,,,,,,,,1983-06-16T00:00:00Z,16,6,1983,4995642,4995642,PRESERVED_SPECIMEN,RUMF,ZI,RUMF-ZI-10911,,,,CC_BY_NC_4_0,,,,,2019-11-13T19:56:52.213Z,,
1830800833,956c26d2-d114-421f-bf02-e9088a805a74,fa7aec30-f8be-11e6-8718-70e2840fc270,Animalia,Arthropoda,Insecta,Coleoptera,Dynastidae,Oryctes,Oryctes rhinoceros,,SPECIES,"Oryctes rhinoceros (Linnaeus, 1758)",Oryctes rhinoceros,"(Linnaeus, 1758)",JP,Kudeken,Okinawa,,,4fd82480-ea1c-11da-8db4-b8a03c50a862,,,,,,,,,1983-06-16T00:00:00Z,16,6,1983,4995642,4995642,PRESERVED_SPECIMEN,RUMF,ZI,RUMF-ZI-10908,,,,CC_BY_NC_4_0,,,,,2019-11-13T19:56:52.983Z,,
1830800820,956c26d2-d114-421f-bf02-e9088a805a74,fa7b86f4-f8be-11e6-a4da-70e2840fc270,Animalia,Arthropoda,Insecta,Coleoptera,Dynastidae,Oryctes,Oryctes rhinoceros,,SPECIES,"Oryctes rhinoceros (Linnaeus, 1758)",Oryctes rhinoceros,"(Linnaeus, 1758)",JP,Kudeken,Okinawa,,,4fd82480-ea1c-11da-8db4-b8a03c50a862,,,,,,,,,1983-06-16T00:00:00Z,16,6,1983,4995642,4995642,PRESERVED_SPECIMEN,RUMF,ZI,RUMF-ZI-10912,,,,CC_BY_NC_4_0,,,,,2019-11-13T19:56:52.986Z,,
1830800810,956c26d2-d114-421f-bf02-e9088a805a74,fa7b15fc-f8be-11e6-87ab-70e2840fc270,Animalia,Arthropoda,Insecta,Coleoptera,Dynastidae,Oryctes,Oryctes rhinoceros,,SPECIES,"Oryctes rhinoceros (Linnaeus, 1758)",Oryctes rhinoceros,"(Linnaeus, 1758)",JP,Kudeken,Okinawa,,,4fd82480-ea1c-11da-8db4-b8a03c50a862,,,,,,,,,1983-06-16T00:00:00Z,16,6,1983,4995642,4995642,PRESERVED_SPECIMEN,RUMF,ZI,RUMF-ZI-10909,,,,CC_BY_NC_4_0,,,,,2019-11-13T19:56:52.415Z,,
1830800792,956c26d2-d114-421f-bf02-e9088a805a74,fa7b3b04-f8be-11e6-802e-70e2840fc270,Animalia,Arthropoda,Insecta,Coleoptera,Dynastidae,Oryctes,Oryctes rhinoceros,,SPECIES,"Oryctes rhinoceros (Linnaeus, 1758)",Oryctes rhinoceros,"(Linnaeus, 1758)",JP,Kudeken,Okinawa,,,4fd82480-ea1c-11da-8db4-b8a03c50a862,,,,,,,,,1983-06-16T00:00:00Z,16,6,1983,4995642,4995642,PRESERVED_SPECIMEN,RUMF,ZI,RUMF-ZI-10910,,,,CC_BY_NC_4_0,,,,,2019-11-13T19:56:52.985Z,,
1830800611,956c26d2-d114-421f-bf02-e9088a805a74,fa5b0d5c-f8be-11e6-9614-70e2840fc270,Animalia,Arthropoda,Insecta,Coleoptera,Dynastidae,Oryctes,Oryctes rhinoceros,,SPECIES,"Oryctes rhinoceros (Linnaeus, 1758)",Oryctes rhinoceros,"(Linnaeus, 1758)",JP,Funaura,Okinawa,,,4fd82480-ea1c-11da-8db4-b8a03c50a862,,,,,,,,,1984-07-23T00:00:00Z,23,7,1984,4995642,4995642,PRESERVED_SPECIMEN,RUMF,ZI,RUMF-ZI-10619,,,,CC_BY_NC_4_0,,,,,2019-11-13T19:56:52.984Z,,
1830800500,956c26d2-d114-421f-bf02-e9088a805a74,fa5b68a6-f8be-11e6-bc3c-70e2840fc270,Animalia,Arthropoda,Insecta,Coleoptera,Dynastidae,Oryctes,Oryctes rhinoceros,,SPECIES,"Oryctes rhinoceros (Linnaeus, 1758)",Oryctes rhinoceros,"(Linnaeus, 1758)",JP,Funaura,Okinawa,,,4fd82480-ea1c-11da-8db4-b8a03c50a862,,,,,,,,,1984-07-23T00:00:00Z,23,7,1984,4995642,4995642,PRESERVED_SPECIMEN,RUMF,ZI,RUMF-ZI-10621,,,,CC_BY_NC_4_0,,,,,2019-11-13T19:56:51.891Z,,
1830800493,956c26d2-d114-421f-bf02-e9088a805a74,fa5b3afc-f8be-11e6-a0bb-70e2840fc270,Animalia,Arthropoda,Insecta,Coleoptera,Dynastidae,Oryctes,Oryctes rhinoceros,,SPECIES,"Oryctes rhinoceros (Linnaeus, 1758)",Oryctes rhinoceros,"(Linnaeus, 1758)",JP,Funaura,Okinawa,,,4fd82480-ea1c-11da-8db4-b8a03c50a862,,,,,,,,,1984-07-23T00:00:00Z,23,7,1984,4995642,4995642,PRESERVED_SPECIMEN,RUMF,ZI,RUMF-ZI-10620,,,,CC_BY_NC_4_0,,,,,2019-11-13T19:56:52.211Z,,
1830800492,956c26d2-d114-421f-bf02-e9088a805a74,fa5b9330-f8be-11e6-9579-70e2840fc270,Animalia,Arthropoda,Insecta,Coleoptera,Dynastidae,Oryctes,Oryctes rhinoceros,,SPECIES,"Oryctes rhinoceros (Linnaeus, 1758)",Oryctes rhinoceros,"(Linnaeus, 1758)",JP,Funaura,Okinawa,,,4fd82480-ea1c-11da-8db4-b8a03c50a862,,,,,,,,,1984-07-23T00:00:00Z,23,7,1984,4995642,4995642,PRESERVED_SPECIMEN,RUMF,ZI,RUMF-ZI-10622,,,,CC_BY_NC_4_0,,,,,2019-11-13T19:56:51.890Z,,
1830799375,956c26d2-d114-421f-bf02-e9088a805a74,f96110cc-f8be-11e6-af06-70e2840fc270,Animalia,Arthropoda,Insecta,Coleoptera,Dynastidae,Oryctes,Oryctes rhinoceros,,SPECIES,"Oryctes rhinoceros (Linnaeus, 1758)",Oryctes rhinoceros,"(Linnaeus, 1758)",JP,Mt. Banna-dake,Okinawa,,,4fd82480-ea1c-11da-8db4-b8a03c50a862,,,,,,,,,1973-07-29T00:00:00Z,29,7,1973,4995642,4995642,PRESERVED_SPECIMEN,RUMF,ZI,RUMF-ZI-04795,,,,CC_BY_NC_4_0,,,,,2019-11-13T19:56:51.878Z,,
1830799327,956c26d2-d114-421f-bf02-e9088a805a74,f960e750-f8be-11e6-8d03-70e2840fc270,Animalia,Arthropoda,Insecta,Coleoptera,Dynastidae,Oryctes,Oryctes rhinoceros,,SPECIES,"Oryctes rhinoceros (Linnaeus, 1758)",Oryctes rhinoceros,"(Linnaeus, 1758)",JP,Sonai,Okinawa,,,4fd82480-ea1c-11da-8db4-b8a03c50a862,,,,,,,,,1977-06-05T00:00:00Z,5,6,1977,4995642,4995642,PRESERVED_SPECIMEN,RUMF,ZI,RUMF-ZI-04794,,,,CC_BY_NC_4_0,,,,,2019-11-13T19:56:52.411Z,,
1830797370,956c26d2-d114-421f-bf02-e9088a805a74,f840f996-f8be-11e6-a608-70e2840fc270,Animalia,Arthropoda,Insecta,Coleoptera,Dynastidae,Oryctes,Oryctes rhinoceros,,SPECIES,"Oryctes rhinoceros (Linnaeus, 1758)",Oryctes rhinoceros,"(Linnaeus, 1758)",JP,Oyakebaru,Okinawa,,,4fd82480-ea1c-11da-8db4-b8a03c50a862,,,,,,,,,1979-06-16T00:00:00Z,16,6,1979,4995642,4995642,PRESERVED_SPECIMEN,RUMF,ZI,RUMF-ZI-02926,,,,CC_BY_NC_4_0,,,,,2019-11-13T19:56:51.865Z,,
1830797308,956c26d2-d114-421f-bf02-e9088a805a74,f840d088-f8be-11e6-8d67-70e2840fc270,Animalia,Arthropoda,Insecta,Coleoptera,Dynastidae,Oryctes,Oryctes rhinoceros,,SPECIES,"Oryctes rhinoceros (Linnaeus, 1758)",Oryctes rhinoceros,"(Linnaeus, 1758)",JP,Shiraho,Okinawa,,,4fd82480-ea1c-11da-8db4-b8a03c50a862,,,,,,,,,1955-02-27T00:00:00Z,27,2,1955,4995642,4995642,PRESERVED_SPECIMEN,RUMF,ZI,RUMF-ZI-02925,,,,CC_BY_NC_4_0,,,,,2019-11-13T19:56:52.196Z,,
1830797228,956c26d2-d114-421f-bf02-e9088a805a74,f8414f54-f8be-11e6-a273-70e2840fc270,Animalia,Arthropoda,Insecta,Coleoptera,Dynastidae,Oryctes,Oryctes rhinoceros,,SPECIES,"Oryctes rhinoceros (Linnaeus, 1758)",Oryctes rhinoceros,"(Linnaeus, 1758)",JP,Oyakebaru,Okinawa,,,4fd82480-ea1c-11da-8db4-b8a03c50a862,,,,,,,,,1979-08-01T00:00:00Z,1,8,1979,4995642,4995642,PRESERVED_SPECIMEN,RUMF,ZI,RUMF-ZI-02928,,,,CC_BY_NC_4_0,,,,,2019-11-13T19:56:52.205Z,,
1830797221,956c26d2-d114-421f-bf02-e9088a805a74,f8412344-f8be-11e6-b625-70e2840fc270,Animalia,Arthropoda,Insecta,Coleoptera,Dynastidae,Oryctes,Oryctes rhinoceros,,SPECIES,"Oryctes rhinoceros (Linnaeus, 1758)",Oryctes rhinoceros,"(Linnaeus, 1758)",JP,Oyakebaru,Okinawa,,,4fd82480-ea1c-11da-8db4-b8a03c50a862,,,,,,,,,1979-08-01T00:00:00Z,1,8,1979,4995642,4995642,PRESERVED_SPECIMEN,RUMF,ZI,RUMF-ZI-02927,,,,CC_BY_NC_4_0,,,,,2019-11-13T19:56:52.403Z,,
1829758475,95fd949a-f762-11e1-a439-00145eb45e9a,c35f9492-f1a4-11e6-868f-70e2840fc270,Animalia,Arthropoda,Insecta,Coleoptera,Dynastidae,Oryctes,Oryctes rhinoceros,,SPECIES,"Oryctes rhinoceros (Linnaeus, 1758)","Oryctes rhinoceros (Linnaeus, 1758)","(Linnaeus, 1758)",JP,Amami-oshima Is. Yuwan,Kagoshima Pref.,,,4fd82480-ea1c-11da-8db4-b8a03c50a862,28.28071,129.29731,,,,,,,1993-09-25T00:00:00Z,25,9,1993,4995642,4995642,PRESERVED_SPECIMEN,CBM,ZI,72350,,,,CC_BY_4_0,,,,,2019-11-13T23:31:16.376Z,,GEODETIC_DATUM_ASSUMED_WGS84
1829704191,81037ec4-f762-11e1-a439-00145eb45e9a,d3561480-f1a3-11e6-aa8b-70e2840fc270,Animalia,Arthropoda,Insecta,Coleoptera,Dynastidae,Oryctes,Oryctes rhinoceros,,SPECIES,"Oryctes rhinoceros (Linnaeus, 1758)",Oryctes rhinoceros (Linnaeus),(Linnaeus),JP,,Okinawa,,,4fd82480-ea1c-11da-8db4-b8a03c50a862,26.7159,128.276,,,,,,,1999-08-07T00:00:00Z,7,8,1999,4995642,4995642,PRESERVED_SPECIMEN,SMNH,In,21622,,,,CC_BY_4_0,,,,,2019-11-13T21:38:00.890Z,,GEODETIC_DATUM_ASSUMED_WGS84;PRESUMED_SWAPPED_COORDINATE
1828768602,5a455e8a-51b2-4ecd-9247-cfd89f9cb768,63cf4e3c-f8c0-11e6-9b4f-70e2840fc270,Animalia,Arthropoda,Insecta,Coleoptera,Dynastidae,Oryctes,Oryctes rhinoceros,,SPECIES,"Oryctes rhinoceros (Linnaeus, 1758)",Oryctes rhinoceros,,JP,,Okinawa,,,4fd82480-ea1c-11da-8db4-b8a03c50a862,,,,,,,,,1994-07-14T00:00:00Z,14,7,1994,4995642,4995642,PRESERVED_SPECIMEN,OPM,Is,1105777,,,,CC_BY_4_0,,,,,2019-11-13T16:43:47.977Z,,
1828768470,5a455e8a-51b2-4ecd-9247-cfd89f9cb768,63cfa602-f8c0-11e6-8d26-70e2840fc270,Animalia,Arthropoda,Insecta,Coleoptera,Dynastidae,Oryctes,Oryctes rhinoceros,,SPECIES,"Oryctes rhinoceros (Linnaeus, 1758)",Oryctes rhinoceros,,JP,,Okinawa,,,4fd82480-ea1c-11da-8db4-b8a03c50a862,,,,,,,,,1982-05-31T00:00:00Z,31,5,1982,4995642,4995642,PRESERVED_SPECIMEN,OPM,Is,1105779,,,,CC_BY_4_0,,,,,2019-11-13T16:43:47.492Z,,
1828768463,5a455e8a-51b2-4ecd-9247-cfd89f9cb768,63cff558-f8c0-11e6-9eb5-70e2840fc270,Animalia,Arthropoda,Insecta,Coleoptera,Dynastidae,Oryctes,Oryctes rhinoceros,,SPECIES,"Oryctes rhinoceros (Linnaeus, 1758)",Oryctes rhinoceros,,JP,,Okinawa,,,4fd82480-ea1c-11da-8db4-b8a03c50a862,,,,,,,,,1982-05-31T00:00:00Z,31,5,1982,4995642,4995642,PRESERVED_SPECIMEN,OPM,Is,1105781,,,,CC_BY_4_0,,,,,2019-11-13T16:43:47.438Z,,
1828768453,5a455e8a-51b2-4ecd-9247-cfd89f9cb768,63d01fa6-f8c0-11e6-bb73-70e2840fc270,Animalia,Arthropoda,Insecta,Coleoptera,Dynastidae,Oryctes,Oryctes rhinoceros,,SPECIES,"Oryctes rhinoceros (Linnaeus, 1758)",Oryctes rhinoceros,,JP,,Okinawa,,,4fd82480-ea1c-11da-8db4-b8a03c50a862,,,,,,,,,1983-05-23T00:00:00Z,23,5,1983,4995642,4995642,PRESERVED_SPECIMEN,OPM,Is,1105782,,,,CC_BY_4_0,,,,,2019-11-13T16:43:47.431Z,,
1828768445,5a455e8a-51b2-4ecd-9247-cfd89f9cb768,63cf1f34-f8c0-11e6-b7cf-70e2840fc270,Animalia,Arthropoda,Insecta,Coleoptera,Dynastidae,Oryctes,Oryctes rhinoceros,,SPECIES,"Oryctes rhinoceros (Linnaeus, 1758)",Oryctes rhinoceros,,JP,,Okinawa,,,4fd82480-ea1c-11da-8db4-b8a03c50a862,,,,,,,,,2004-09-12T00:00:00Z,12,9,2004,4995642,4995642,PRESERVED_SPECIMEN,OPM,Is,1105776,,,,CC_BY_4_0,,,,,2019-11-13T16:43:47.438Z,,
1828766177,5a455e8a-51b2-4ecd-9247-cfd89f9cb768,6244c858-f8c0-11e6-bec0-70e2840fc270,Animalia,Arthropoda,Insecta,Coleoptera,Dynastidae,Oryctes,Oryctes rhinoceros,,SPECIES,"Oryctes rhinoceros (Linnaeus, 1758)",Oryctes rhinoceros,,JP,,Okinawa,,,4fd82480-ea1c-11da-8db4-b8a03c50a862,,,,,,,,,1979-08-04T00:00:00Z,4,8,1979,4995642,4995642,PRESERVED_SPECIMEN,OPM,Is,1102606,,,,CC_BY_4_0,,,,,2019-11-13T16:43:47.309Z,,
767693756,68c30283-d2a7-4742-96cb-52e249598ff9,urn:catalog:HYO:ENT:B2116264,Animalia,Arthropoda,Insecta,Coleoptera,Dynastidae,Oryctes,Oryctes rhinoceros,,SPECIES,"Oryctes rhinoceros (Linnaeus, 1758)",Oryctes rhinoceros,,JP,"Motobu T. Kunigami co. Is. Okinawa, Okinawa Pref.",Okinawa,,,c3367060-856b-11d9-8486-b8a03c50a862,,,,,,,,,1989-06-25T00:00:00Z,25,6,1989,4995642,4995642,PRESERVED_SPECIMEN,HYO,ENT,B2116264,,,,CC_BY_4_0,,,,,2019-11-13T20:14:15.040Z,,
767693752,68c30283-d2a7-4742-96cb-52e249598ff9,urn:catalog:HYO:ENT:B2116263,Animalia,Arthropoda,Insecta,Coleoptera,Dynastidae,Oryctes,Oryctes rhinoceros,,SPECIES,"Oryctes rhinoceros (Linnaeus, 1758)",Oryctes rhinoceros,,JP,"Is. Ishigaki, Okinawa Pref.",Okinawa,,,c3367060-856b-11d9-8486-b8a03c50a862,,,,,,,,,1979-04-03T00:00:00Z,3,4,1979,4995642,4995642,PRESERVED_SPECIMEN,HYO,ENT,B2116263,,,,CC_BY_4_0,,,,,2019-11-13T20:14:17.295Z,,
767693744,68c30283-d2a7-4742-96cb-52e249598ff9,urn:catalog:HYO:ENT:B2116262,Animalia,Arthropoda,Insecta,Coleoptera,Dynastidae,Oryctes,Oryctes rhinoceros,,SPECIES,"Oryctes rhinoceros (Linnaeus, 1758)",Oryctes rhinoceros,,JP,Okinawa Pref.,Okinawa,,,c3367060-856b-11d9-8486-b8a03c50a862,,,,,,,,,,,,,4995642,4995642,PRESERVED_SPECIMEN,HYO,ENT,B2116262,,,,CC_BY_4_0,,,,,2019-11-13T20:14:17.374Z,,
767693742,68c30283-d2a7-4742-96cb-52e249598ff9,urn:catalog:HYO:ENT:B2116261,Animalia,Arthropoda,Insecta,Coleoptera,Dynastidae,Oryctes,Oryctes rhinoceros,,SPECIES,"Oryctes rhinoceros (Linnaeus, 1758)",Oryctes rhinoceros,,JP,Okinawa Pref.,Okinawa,,,c3367060-856b-11d9-8486-b8a03c50a862,,,,,,,,,,,,,4995642,4995642,PRESERVED_SPECIMEN,HYO,ENT,B2116261,,,,CC_BY_4_0,,,,,2019-11-13T20:14:17.365Z,,
767693738,68c30283-d2a7-4742-96cb-52e249598ff9,urn:catalog:HYO:ENT:B2116260,Animalia,Arthropoda,Insecta,Coleoptera,Dynastidae,Oryctes,Oryctes rhinoceros,,SPECIES,"Oryctes rhinoceros (Linnaeus, 1758)",Oryctes rhinoceros,,JP,"Motobu T. Kunigami co. Is. Okinawa, Okinawa Pref.",Okinawa,,,c3367060-856b-11d9-8486-b8a03c50a862,,,,,,,,,1989-06-25T00:00:00Z,25,6,1989,4995642,4995642,PRESERVED_SPECIMEN,HYO,ENT,B2116260,,,,CC_BY_4_0,,,,,2019-11-13T20:14:15.040Z,,
767693735,68c30283-d2a7-4742-96cb-52e249598ff9,urn:catalog:HYO:ENT:B2116259,Animalia,Arthropoda,Insecta,Coleoptera,Dynastidae,Oryctes,Oryctes rhinoceros,,SPECIES,"Oryctes rhinoceros (Linnaeus, 1758)",Oryctes rhinoceros,,JP,"Yoshihara, Is. Ishigaki, Okinawa Pref.",Okinawa,,,c3367060-856b-11d9-8486-b8a03c50a862,,,,,,,,,1989-06-06T00:00:00Z,6,6,1989,4995642,4995642,PRESERVED_SPECIMEN,HYO,ENT,B2116259,,,,CC_BY_4_0,,,,,2019-11-13T20:14:17.374Z,,
767693731,68c30283-d2a7-4742-96cb-52e249598ff9,urn:catalog:HYO:ENT:B2116258,Animalia,Arthropoda,Insecta,Coleoptera,Dynastidae,Oryctes,Oryctes rhinoceros,,SPECIES,"Oryctes rhinoceros (Linnaeus, 1758)",Oryctes rhinoceros,,JP,"Motobu T. Kunigami co. Is. Okinawa, Okinawa Pref.",Okinawa,,,c3367060-856b-11d9-8486-b8a03c50a862,,,,,,,,,1989-06-25T00:00:00Z,25,6,1989,4995642,4995642,PRESERVED_SPECIMEN,HYO,ENT,B2116258,,,,CC_BY_4_0,,,,,2019-11-13T20:14:15.180Z,,
767415733,68c30283-d2a7-4742-96cb-52e249598ff9,urn:catalog:HYO:ENT:B1152767,Animalia,Arthropoda,Insecta,Coleoptera,Dynastidae,Oryctes,Oryctes rhinoceros,,SPECIES,"Oryctes rhinoceros (Linnaeus, 1758)",Oryctes rhinoceros,,JP,"OKINAWA, MOTOBU",Okinawa,,,c3367060-856b-11d9-8486-b8a03c50a862,,,,,,,,,1979-07-03T00:00:00Z,3,7,1979,4995642,4995642,PRESERVED_SPECIMEN,HYO,ENT,B1152767,,"TAKAHASHI,T.",,CC_BY_4_0,,,,,2019-11-13T20:14:17.042Z,,
767312757,68c30283-d2a7-4742-96cb-52e249598ff9,urn:catalog:HYO:ENT:B1095824,Animalia,Arthropoda,Insecta,Coleoptera,Dynastidae,Oryctes,Oryctes rhinoceros,,SPECIES,"Oryctes rhinoceros (Linnaeus, 1758)",Oryctes rhinoceros,,JP,,,,,c3367060-856b-11d9-8486-b8a03c50a862,,,,,,,,,,,,,4995642,4995642,PRESERVED_SPECIMEN,HYO,ENT,B1095824,,,,CC_BY_4_0,,,,,2019-11-13T20:14:16.992Z,,
767312751,68c30283-d2a7-4742-96cb-52e249598ff9,urn:catalog:HYO:ENT:B1095823,Animalia,Arthropoda,Insecta,Coleoptera,Dynastidae,Oryctes,Oryctes rhinoceros,,SPECIES,"Oryctes rhinoceros (Linnaeus, 1758)",Oryctes rhinoceros,,JP,,,,,c3367060-856b-11d9-8486-b8a03c50a862,,,,,,,,,,,,,4995642,4995642,PRESERVED_SPECIMEN,HYO,ENT,B1095823,,,,CC_BY_4_0,,,,,2019-11-13T20:14:14.104Z,,
767312747,68c30283-d2a7-4742-96cb-52e249598ff9,urn:catalog:HYO:ENT:B1095822,Animalia,Arthropoda,Insecta,Coleoptera,Dynastidae,Oryctes,Oryctes rhinoceros,,SPECIES,"Oryctes rhinoceros (Linnaeus, 1758)",Oryctes rhinoceros,,JP,,,,,c3367060-856b-11d9-8486-b8a03c50a862,,,,,,,,,,,,,4995642,4995642,PRESERVED_SPECIMEN,HYO,ENT,B1095822,,,,CC_BY_4_0,,,,,2019-11-13T20:14:16.965Z,,
767312736,68c30283-d2a7-4742-96cb-52e249598ff9,urn:catalog:HYO:ENT:B1095821,Animalia,Arthropoda,Insecta,Coleoptera,Dynastidae,Oryctes,Oryctes rhinoceros,,SPECIES,"Oryctes rhinoceros (Linnaeus, 1758)",Oryctes rhinoceros,,JP,,,,,c3367060-856b-11d9-8486-b8a03c50a862,,,,,,,,,,,,,4995642,4995642,PRESERVED_SPECIMEN,HYO,ENT,B1095821,,,,CC_BY_4_0,,,,,2019-11-13T20:14:16.868Z,,
767312732,68c30283-d2a7-4742-96cb-52e249598ff9,urn:catalog:HYO:ENT:B1095820,Animalia,Arthropoda,Insecta,Coleoptera,Dynastidae,Oryctes,Oryctes rhinoceros,,SPECIES,"Oryctes rhinoceros (Linnaeus, 1758)",Oryctes rhinoceros,,JP,,,,,c3367060-856b-11d9-8486-b8a03c50a862,,,,,,,,,,,,,4995642,4995642,PRESERVED_SPECIMEN,HYO,ENT,B1095820,,,,CC_BY_4_0,,,,,2019-11-13T20:14:13.957Z,,
767312729,68c30283-d2a7-4742-96cb-52e249598ff9,urn:catalog:HYO:ENT:B1095819,Animalia,Arthropoda,Insecta,Coleoptera,Dynastidae,Oryctes,Oryctes rhinoceros,,SPECIES,"Oryctes rhinoceros (Linnaeus, 1758)",Oryctes rhinoceros,,JP,,,,,c3367060-856b-11d9-8486-b8a03c50a862,,,,,,,,,,,,,4995642,4995642,PRESERVED_SPECIMEN,HYO,ENT,B1095819,,,,CC_BY_4_0,,,,,2019-11-13T20:14:16.965Z,,
